mathjax,katex,emerge
.notdef,.notdef,√
space,.null,#N/A
exclam,nonmarkingreturn,#N/A
quotedbl,space,√
numbersign,zero,√
dollar,one,√
percent,two,√
ampersand,three,√
quotesingle,four,√
parenleft,five,√
parenright,six,√
asterisk,seven,√
plus,eight,√
comma,nine,√
hyphenminus,A,√
period,B,√
slash,C,√
zero,D,√
one,E,√
two,F,√
three,G,√
four,H,√
five,I,√
six,J,√
seven,K,√
eight,L,√
nine,M,√
colon,N,√
semicolon,O,√
less,P,√
equal,Q,√
greater,R,√
question,S,√
at,T,√
A,U,√
B,V,√
C,W,√
D,X,√
E,Y,√
F,Z,√
G,a,√
H,b,√
I,c,√
J,d,√
K,e,√
L,f,√
M,g,√
N,h,√
O,i,√
P,j,√
Q,k,√
R,l,√
S,m,√
T,n,√
U,o,√
V,p,√
W,q,√
X,r,√
Y,s,√
Z,t,√
bracketleft,u,√
backslash,v,√
bracketright,w,√
asciicircum,x,√
underscore,y,√
grave,z,√
a,nbspace,√
b,Gamma-grek,√
c,Delta-grek,√
d,Theta-grek,√
e,Lamda-grek,√
f,Xi-grek,√
g,Pi-grek,√
h,Sigma-grek,√
i,Upsilon-grek,√
j,Phi-grek,√
k,Psi-grek,√
l,Omega-grek,√
m,alpha-grek,√
n,beta-grek,√
o,gamma-grek,√
p,delta-grek,√
q,epsilon-grek,√
r,zeta-grek,√
s,eta-grek,√
t,theta-grek,√
u,iota-grek,√
v,kappa-grek,√
w,lamda-grek,√
x,mu-grek,√
y,nu-grek,√
z,xi-grek,√
braceleft,omicron-grek,√
bar,pi-grek,√
braceright,rho-grek,√
asciitilde,finalsigma-grek,√
nbspace,sigma-grek,√
sterling,tau-grek,√
yen,upsilon-grek,√
section,phi-grek,√
dieresis,chi-grek,√
macron,psi-grek,√
degree,omega-grek,√
acute,thetasymbol-grek,√
mu,phisymbol-grek,√
periodcentered,pisymbol-grek,√
eth,rhosymbol-grek,√
hbar,lunateepsilonsymbol-grek,√
idotless,glyph108,#N/A
jdotless,glyph109,#N/A
circumflexmod,,
caronmod,,
brevemod,,
dotaccentmod,,
ringmod,,
tildemod,,
Alpha-grek,,
Beta-grek,,
Gamma-grek,,
Delta-grek,,
Epsilon-grek,,
Zeta-grek,,
Eta-grek,,
Theta-grek,,
Iota-grek,,
Kappa-grek,,
Lamda-grek,,
Mu-grek,,
Nu-grek,,
Xi-grek,,
Omicron-grek,,
Pi-grek,,
Rho-grek,,
Sigma-grek,,
Tau-grek,,
Upsilon-grek,,
Phi-grek,,
Chi-grek,,
Psi-grek,,
Omega-grek,,
alpha-grek,,
beta-grek,,
gamma-grek,,
delta-grek,,
epsilon-grek,,
zeta-grek,,
eta-grek,,
theta-grek,,
iota-grek,,
kappa-grek,,
lamda-grek,,
mu-grek,,
nu-grek,,
xi-grek,,
omicron-grek,,
pi-grek,,
rho-grek,,
finalsigma-grek,,
sigma-grek,,
tau-grek,,
upsilon-grek,,
phi-grek,,
chi-grek,,
psi-grek,,
omega-grek,,
betasymbol-grek,,
thetasymbol-grek,,
Upsilonhooksymbol-grek,,
phisymbol-grek,,
pisymbol-grek,,
Archaickoppa-grek,,
archaickoppa-grek,,
Stigma-grek,,
stigma-grek,,
Digamma-grek,,
digamma-grek,,
Koppa-grek,,
koppa-grek,,
Sampi-grek,,
sampi-grek,,
kappasymbol-grek,,
rhosymbol-grek,,
Thetasymbol-grek,,
lunateepsilonsymbol-grek,,
reversedlunateepsilonsymbol-grek,,
endash,,
emdash,,
quoteleft,,
quoteright,,
quotedblleft,,
quotedblright,,
dagger,,
daggerdbl,,
overline,,
fraction,,
rightarrowcomb,,
lscript,,
partialdifferential,,
Scircled,,
glyph199,,
glyph200,,
glyph201,,
